{
  "timestamp": "2026-01-07T21:38:57.352055",
  "passed": true,
  "states_explored": 100000,
  "distinct_states": 303819,
  "max_depth": 8,
  "duration_seconds": 5.766998529434204,
  "invariants_checked": [
    "TrustBounded",
    "CeilingEnforced",
    "UnregisteredZeroTrust",
    "TierDeterminesCeiling",
    "CircuitBreakerConsistency",
    "CeilingAlwaysHigher"
  ],
  "violations": [],
  "configuration": {
    "agents": [
      "a3",
      "a1",
      "a2"
    ],
    "max_observations": 5,
    "tier_ceilings": {
      "BLACK_BOX": 60,
      "GRAY_BOX": 80,
      "WHITE_BOX": 95,
      "ATTESTED_BOX": 100
    }
  }
}