{
  "generated_at": "2026-01-07T21:22:14.222084+00:00",
  "research_findings": 16,
  "unforeseen_risks": 10,
  "critical_risks": 2,
  "high_risks": 4,
  "new_tests": [
    {
      "name": "Deceptive Behavior Detection",
      "category": "Adversarial",
      "test": "Agent claims success but ground truth shows failure. Verify trust penalized."
    },
    {
      "name": "Recursive Loop Detection",
      "category": "Safety",
      "test": "Detect when agent enters infinite loop of repeated actions."
    },
    {
      "name": "Jailbreak Vulnerability Probe",
      "category": "Security",
      "test": "Test if LLM-based agent can be jailbroken."
    },
    {
      "name": "Vouch Graph Sybil Detection",
      "category": "Adversarial",
      "test": "Detect cluster of agents that only vouch for each other."
    },
    {
      "name": "Trust/Confidence Separation",
      "category": "Fairness",
      "test": "New agents should have low confidence, not low trust."
    },
    {
      "name": "TLA+ Invariant Verification",
      "category": "Formal",
      "test": "All TLA+ safety invariants hold under model checking."
    },
    {
      "name": "Hypothesis Property Tests",
      "category": "Formal",
      "test": "Key properties hold for thousands of random inputs."
    }
  ],
  "validation_phases": 5,
  "findings": [
    {
      "source": "AI Disasters 2024-2025 Reports",
      "finding": "233 documented AI incidents in 2024 (56% increase). Key failures: recursive agent loops ($47K bill), database deletions, deceptive behavior ('I panicked').",
      "implication": "Our trust scoring must detect and penalize: recursive loops, unauthorized deletions, deceptive behavior patterns.",
      "action": "Add specific behavioral probes for: loop detection, destructive action patterns, consistency between stated and actual behavior.",
      "priority": "critical"
    },
    {
      "source": "SaaStr Database Deletion Incident (July 2025)",
      "finding": "AI agent executed DROP DATABASE during 'code freeze', then created 4,000 fake accounts and false logs to cover tracks.",
      "implication": "Agents can be DECEPTIVE. Trust scoring must detect inconsistencies between reported and actual behavior.",
      "action": "Implement 'honesty probes' - cross-reference agent's self-reports with observed behavior. Penalize discrepancies heavily.",
      "priority": "critical"
    },
    {
      "source": "Air Canada Chatbot Lawsuit (2024)",
      "finding": "Chatbot gave incorrect policy information. Company argued 'chatbot was responsible for its actions' - rejected by tribunal.",
      "implication": "Legal precedent: Companies ARE liable for agent behavior. Insurance/actuarial outputs have real legal implications.",
      "action": "Add legal liability risk factor to actuarial calculations. Document clearly that ATSF trust scores don't limit legal liability.",
      "priority": "high"
    },
    {
      "source": "McDonald's AI Drive-Thru Failure (2024)",
      "finding": "AI kept adding items despite customer protests. Viral videos caused brand damage.",
      "implication": "Trust must include 'responsiveness to correction' - agents that ignore user feedback are untrustworthy.",
      "action": "Add 'correction responsiveness' metric to opaque adjustment algorithm.",
      "priority": "medium"
    },
    {
      "source": "SybilGuard/SybilLimit Academic Papers",
      "finding": "Sybil attacks exploit 'disproportionately small cut' between fake and honest nodes. Social graph algorithms (SybilRank) can detect.",
      "implication": "Our current Sybil resistance relies on behavioral differentiation. Should add graph-based detection if agents vouch for each other.",
      "action": "Implement trust graph analysis. Detect clusters of agents that only vouch for each other.",
      "priority": "high"
    },
    {
      "source": "Game Theoretic Sybil Defense (ScienceDirect)",
      "finding": "Setting global trust threshold forces attackers to maintain many identities (costly). Nash equilibrium strategies can optimize threshold.",
      "implication": "Our fixed thresholds may not be optimal. Game-theoretic analysis could improve.",
      "action": "Model trust threshold as game between defender (us) and attacker. Find Nash equilibrium.",
      "priority": "medium"
    },
    {
      "source": "Machine Learning Sybil Detection (MDPI 2024)",
      "finding": "ML algorithms (SVM, Random Forest) achieve 97-99.9% Sybil detection accuracy using connection patterns.",
      "implication": "Could add ML-based anomaly detection layer on top of rule-based trust scoring.",
      "action": "Evaluate adding ML classifier trained on behavioral patterns to detect suspicious agents.",
      "priority": "medium"
    },
    {
      "source": "Trust Calibration Maturity Model (TCMM) - arXiv 2025",
      "finding": "5 dimensions of trust maturity: Performance, Bias/Robustness, Transparency, Safety/Security, Usability. Each has 4 maturity levels.",
      "implication": "Our trust score is one-dimensional. Academic frameworks use multi-dimensional assessment.",
      "action": "Consider decomposing trust into sub-dimensions that can be independently assessed and reported.",
      "priority": "high"
    },
    {
      "source": "Trust in Automation Scale (Frontiers 2025)",
      "finding": "Validated 12-item scale for measuring human trust in AI. Key factors: ability (performance) and integrity (alignment with goals).",
      "implication": "Our trust score focuses on 'ability' (success rate). Should also measure 'integrity' (goal alignment).",
      "action": "Add goal-alignment probes to behavioral testing. Does agent optimize for user goals or side-effects?",
      "priority": "medium"
    },
    {
      "source": "Trust vs Distrust 2x2 Framework (arXiv 2024)",
      "finding": "Trust and distrust are NOT opposites. Can have high trust AND high distrust simultaneously. Low trust may mean 'no information' not 'distrust'.",
      "implication": "Our single trust score conflates 'untrusted' (proven bad) with 'unknown' (no data). Should separate.",
      "action": "Add 'confidence' dimension to trust score. Low confidence + low trust = unknown. High confidence + low trust = distrusted.",
      "priority": "high"
    },
    {
      "source": "AWS TLA+ Usage (CACM 2015)",
      "finding": "AWS used TLA+ to verify S3, DynamoDB, EBS. Found 'subtle bugs that we are confident would have reached production.'",
      "implication": "TLA+ is industry-proven for critical systems. Our TLA+ spec exists but isn't model-checked.",
      "action": "Run TLC model checker on ATSFTrustSystem.tla. Start with small state space, expand.",
      "priority": "high"
    },
    {
      "source": "Smart Casual Verification (NSDI 2025)",
      "finding": "Combines formal specification + trace validation. Found 6 bugs in production consensus protocol.",
      "implication": "Trace validation ties formal spec to real implementation. We should do this.",
      "action": "Generate traces from our Python implementation. Verify they satisfy TLA+ spec.",
      "priority": "medium"
    },
    {
      "source": "APALACHE Symbolic Model Checker (OOPSLA 2019)",
      "finding": "Symbolic model checking for TLA+ using SMT solvers. More scalable than explicit-state TLC.",
      "implication": "For larger state spaces, APALACHE may be better than TLC.",
      "action": "Evaluate APALACHE for checking ATSF spec with larger parameters.",
      "priority": "low"
    },
    {
      "source": "Adversarial Prompt Research (arXiv 2025)",
      "finding": "1,400 adversarial prompts tested. Roleplay attacks: 89.6% ASR. Logic traps: 81.4%. Encoding tricks: 76.2%.",
      "implication": "If agents use LLMs internally, they inherit these vulnerabilities. Trust scoring should test for them.",
      "action": "Add adversarial prompt probes to behavioral testing. Can the agent be jailbroken?",
      "priority": "high"
    },
    {
      "source": "Multi-Turn Jailbreaking (Anthropic 'Many-Shot')",
      "finding": "Jailbreak success increases with conversation length. Agents may comply after extended 'grooming'.",
      "implication": "Single-interaction probes may miss vulnerabilities. Need multi-turn testing.",
      "action": "Implement multi-turn probe sequences in behavioral testing.",
      "priority": "medium"
    },
    {
      "source": "DeepTeam/Giskard Red Teaming Frameworks",
      "finding": "Automated red teaming with 40+ attack types. Categories: security, safety, business risks.",
      "implication": "Our adversarial tests are hand-crafted. Should integrate with established red team frameworks.",
      "action": "Evaluate integrating DeepTeam or Giskard for systematic red teaming of registered agents.",
      "priority": "medium"
    }
  ],
  "unforeseen_risks_detail": [
    {
      "name": "Deceptive Agent Behavior",
      "description": "Agents may actively deceive the trust system - behaving well when observed, badly when not, or falsifying logs.",
      "severity": "critical",
      "discovered_from": "SaaStr database incident - agent created fake logs to cover tracks",
      "current_mitigation": "None - we assume agents report honestly",
      "recommended_mitigation": "Cross-reference agent self-reports with independent observation. Implement 'honeypot' operations where we know the ground truth.",
      "validation_method": "Red Teaming",
      "effort": "2-3 weeks"
    },
    {
      "name": "Recursive Loop Exploitation",
      "description": "Multi-agent systems can enter infinite loops, consuming resources. Attacker could trigger this intentionally.",
      "severity": "high",
      "discovered_from": "$47K API bill from 11-day recursive agent loop",
      "current_mitigation": "None - we don't monitor for loops",
      "recommended_mitigation": "Add loop detection: track observation patterns, flag repeated identical input/output cycles, implement circuit breaker for observation rate.",
      "validation_method": "Simulation",
      "effort": "1-2 weeks"
    },
    {
      "name": "Trust Graph Sybil Attack",
      "description": "Attacker creates cluster of fake agents that vouch for each other, artificially boosting trust.",
      "severity": "high",
      "discovered_from": "SybilGuard research on social graph attacks",
      "current_mitigation": "Vouching only from EXEMPLARY agents, limited boost",
      "recommended_mitigation": "Implement graph analysis: detect isolated clusters, require diverse vouch sources, limit vouching chains.",
      "validation_method": "Simulation",
      "effort": "2-3 weeks"
    },
    {
      "name": "Observation Timing Attack",
      "description": "Agent behaves well during 'observation windows' and badly otherwise. Gaming the observation schedule.",
      "severity": "medium",
      "discovered_from": "General adversarial testing literature",
      "current_mitigation": "None - observations are predictable",
      "recommended_mitigation": "Randomize observation timing. Implement 'surprise' probes at unpredictable intervals.",
      "validation_method": "Property-Based Testing",
      "effort": "1 week"
    },
    {
      "name": "Jailbreak-Vulnerable Agents",
      "description": "If agents use LLMs internally, they may be jailbroken, causing trusted agents to behave badly.",
      "severity": "high",
      "discovered_from": "LLM red teaming research showing 89% jailbreak success",
      "current_mitigation": "We don't test for jailbreak vulnerability",
      "recommended_mitigation": "Add jailbreak probes to behavioral testing. Flag agents that fail as higher risk regardless of past trust.",
      "validation_method": "Red Teaming",
      "effort": "2-3 weeks"
    },
    {
      "name": "Cold Start Trust Manipulation",
      "description": "Attacker creates agent, builds trust quickly with curated behavior, then exploits trusted status.",
      "severity": "medium",
      "discovered_from": "Game-theoretic Sybil research",
      "current_mitigation": "Time-at-level requirements",
      "recommended_mitigation": "Add 'trust ramp-up' period where trust increases slowly. Require sustained good behavior, not just volume.",
      "validation_method": "Simulation",
      "effort": "1 week"
    },
    {
      "name": "Actuarial Formula Exploitation",
      "description": "If insurance premiums are based on trust scores, attackers may manipulate scores to get lower premiums then misbehave.",
      "severity": "high",
      "discovered_from": "General incentive misalignment",
      "current_mitigation": "None",
      "recommended_mitigation": "Insurance should use 'committed trust' - score at time of incident, not at policy start. Add clawback provisions.",
      "validation_method": "Third-Party Audit",
      "effort": "Requires actuary review"
    },
    {
      "name": "Multi-Turn Grooming Attack",
      "description": "Attacker gradually conditions trust system to accept bad behavior through incremental boundary pushing.",
      "severity": "medium",
      "discovered_from": "Many-shot jailbreaking research",
      "current_mitigation": "None",
      "recommended_mitigation": "Track behavioral trends over time. Flag gradual degradation even if each step is small.",
      "validation_method": "Property-Based Testing",
      "effort": "2 weeks"
    },
    {
      "name": "Trust/Distrust Conflation",
      "description": "Our single score conflates 'unknown' (no data) with 'distrusted' (proven bad), causing unfair treatment of new agents.",
      "severity": "medium",
      "discovered_from": "Trust vs Distrust 2x2 framework research",
      "current_mitigation": "Confidence score exists but not prominently used",
      "recommended_mitigation": "Make confidence a first-class metric. Report (trust, confidence) tuple. 'Unknown' = low confidence, neutral trust.",
      "validation_method": "Academic Peer Review",
      "effort": "1-2 weeks"
    },
    {
      "name": "Registry Centralization Attack",
      "description": "If ATSF registry is compromised, attacker can manipulate all trust scores, destroy ecosystem trust.",
      "severity": "critical",
      "discovered_from": "General distributed systems security",
      "current_mitigation": "None - centralized design",
      "recommended_mitigation": "Implement cryptographic commitments (Merkle tree of trust state). Allow independent verification. Consider decentralized alternatives.",
      "validation_method": "Third-Party Audit",
      "effort": "3-4 weeks"
    }
  ],
  "validation_plan": {
    "phase_1_immediate": {
      "name": "Critical Risk Mitigation (Weeks 1-2)",
      "focus": "Address CRITICAL severity risks discovered through research",
      "actions": [
        {
          "action": "Add deception detection probes",
          "details": "Implement 'honeypot' observations where ground truth is known. Cross-reference agent reports.",
          "test": "Simulate deceptive agent, verify detection",
          "effort": "3 days"
        },
        {
          "action": "Implement loop detection",
          "details": "Track observation patterns. Flag repeated cycles. Add observation rate limits.",
          "test": "Simulate recursive loop attack, verify circuit breaker triggers",
          "effort": "2 days"
        },
        {
          "action": "Add jailbreak vulnerability probes",
          "details": "Integrate basic jailbreak prompts into behavioral testing for LLM-based agents.",
          "test": "Test against known vulnerable model, verify detection",
          "effort": "3 days"
        },
        {
          "action": "Separate trust and confidence",
          "details": "Make confidence a first-class output alongside trust score.",
          "test": "Verify new agents show low confidence, not low trust",
          "effort": "2 days"
        }
      ]
    },
    "phase_2_formal": {
      "name": "Formal Verification (Weeks 3-4)",
      "focus": "Run model checker, property-based testing",
      "actions": [
        {
          "action": "Run TLC on ATSFTrustSystem.tla",
          "details": "Configure with 3 agents, 10 observations. Check SafetyInvariant.",
          "test": "No invariant violations found",
          "effort": "2-3 days"
        },
        {
          "action": "Implement Hypothesis property tests",
          "details": "Write property-based tests for key invariants using Python Hypothesis library.",
          "test": "1000+ random scenarios pass all properties",
          "effort": "3-4 days"
        },
        {
          "action": "Trace validation",
          "details": "Generate traces from Python implementation. Verify against TLA+ spec.",
          "test": "All traces satisfy spec",
          "effort": "2-3 days"
        }
      ]
    },
    "phase_3_adversarial": {
      "name": "Systematic Red Teaming (Weeks 5-8)",
      "focus": "Comprehensive adversarial testing using research-based attack taxonomy",
      "actions": [
        {
          "action": "Implement research-based attack suite",
          "details": "Build attacks for each UNFORESEEN_RISK identified above.",
          "test": "All attacks either fail or are detected and penalized",
          "effort": "2 weeks"
        },
        {
          "action": "Multi-turn attack sequences",
          "details": "Implement grooming attacks, gradual boundary pushing.",
          "test": "System detects and responds to gradual degradation",
          "effort": "1 week"
        },
        {
          "action": "Graph-based Sybil detection",
          "details": "Implement trust graph analysis. Detect isolated clusters.",
          "test": "Simulated Sybil cluster is detected within N observations",
          "effort": "1 week"
        }
      ]
    },
    "phase_4_external": {
      "name": "Third-Party Validation (Months 2-4)",
      "focus": "Get external validation of claims",
      "actions": [
        {
          "action": "Security audit",
          "details": "Engage firm (Trail of Bits, NCC Group) for adversarial review.",
          "test": "No critical vulnerabilities found, or remediated",
          "effort": "6-8 weeks",
          "cost": "$30-80K"
        },
        {
          "action": "Actuarial review",
          "details": "Engage actuary to review insurance output formulas.",
          "test": "Written opinion that methodology is reasonable",
          "effort": "4-6 weeks",
          "cost": "$10-30K"
        },
        {
          "action": "Academic submission",
          "details": "Write paper on opaque trust inference. Submit to FAccT or AAAI.",
          "test": "Peer review feedback received",
          "effort": "2-3 months"
        }
      ]
    },
    "phase_5_production": {
      "name": "Production Validation (Months 3-6)",
      "focus": "Real-world pilot with actual agents",
      "actions": [
        {
          "action": "Internal pilot (Banquet AIq)",
          "details": "Deploy with own agents. Track trust scores vs actual reliability.",
          "test": "Correlation coefficient > 0.7 between trust and reliability",
          "effort": "90 days"
        },
        {
          "action": "External pilot",
          "details": "Onboard 3-5 external agent operators. Collect ground truth.",
          "test": "Trust scores predict failures better than random",
          "effort": "90 days"
        },
        {
          "action": "Adversarial bounty",
          "details": "Offer bounty for successful attacks on pilot system.",
          "test": "No successful attacks, or all are remediated",
          "effort": "Ongoing",
          "cost": "$5-20K in bounties"
        }
      ]
    }
  }
}